INSERT INTO tblAddress(StreetAddress,State,Country,ApartmentNumber,Specialrequests) 
	VALUES ('001 Address Street','New York','USA',null,'This is a house address, No night deliveries');
INSERT INTO tblAddress(StreetAddress,State,Country,ApartmentNumber,Specialrequests) 
	VALUES ('002 Address Road','Pennsylvania','USA',111,'This is an apartment address, Dont be disruptive');
INSERT INTO tblAddress(StreetAddress,State,Country,ApartmentNumber,Specialrequests) 
	VALUES ('003 Address Avenue','Ohio','USA',null,'This is a house address, No night deliveries');
INSERT INTO tblAddress(StreetAddress,State,Country,ApartmentNumber,Specialrequests) 
	VALUES ('004 Address Boulevard','New York','USA',null,'This is a house address, No night deliveries');
INSERT INTO tblAddress(StreetAddress,State,Country,ApartmentNumber,Specialrequests) 
	VALUES ('005 Address Lane','Pennsylvania','USA',435,'This is an apartment address, Dont be disruptive');
INSERT INTO tblAddress(StreetAddress,State,Country,ApartmentNumber,Specialrequests) 
	VALUES ('006 Address Street','Ohio','USA',null,'This is a house address, No night deliveries');
INSERT INTO tblAddress(StreetAddress,State,Country,ApartmentNumber,Specialrequests) 
	VALUES ('007 Address Road','New York','USA',null,'This is a house address, No night deliveries');
INSERT INTO tblAddress(StreetAddress,State,Country,ApartmentNumber,Specialrequests) 
	VALUES ('008 Address Avenue','Pennsylvania','USA',null,'This is a house address, No night deliveries');
INSERT INTO tblAddress(StreetAddress,State,Country,ApartmentNumber,Specialrequests) 
	VALUES ('009 Address Boulevard','Ohio','USA',975,'This is an apartment address, Dont be disruptive');
INSERT INTO tblAddress(StreetAddress,State,Country,ApartmentNumber,Specialrequests) 
	VALUES ('010 Address Lane','New York','USA',null,'This is a house address, No night deliveries');
INSERT INTO tblAddress(StreetAddress,State,Country,ApartmentNumber,Specialrequests) 
	VALUES ('011 Address Street','Pennsylvania','USA',null,'This is a house address, No night deliveries');
INSERT INTO tblAddress(StreetAddress,State,Country,ApartmentNumber,Specialrequests) 
	VALUES ('012 Address Road','Ohio','USA',345,'This is an apartment address, Dont be disruptive');
INSERT INTO tblAddress(StreetAddress,State,Country,ApartmentNumber,Specialrequests) 
	VALUES ('013 Address Avenue','New York','USA',null,'This is a house address, No night deliveries');
INSERT INTO tblAddress(StreetAddress,State,Country,ApartmentNumber,Specialrequests) 
	VALUES ('014 Address Boulevard','Pennsylvania','USA',null,'This is a house address, No night deliveries');
INSERT INTO tblAddress(StreetAddress,State,Country,ApartmentNumber,Specialrequests) 
	VALUES ('015 Address Lane','Ohio','USA',917,'This is an apartment address, Dont be disruptive');
INSERT INTO tblAddress(StreetAddress,State,Country,ApartmentNumber,Specialrequests) 
	VALUES ('016 Address Road','New York','USA',null,'This is a house address, No night deliveries');
INSERT INTO tblAddress(StreetAddress,State,Country,ApartmentNumber,Specialrequests) 
	VALUES ('017 Address Avenue','Pennsylvania','USA',null,'This is a house address, No night deliveries');
INSERT INTO tblAddress(StreetAddress,State,Country,ApartmentNumber,Specialrequests) 
	VALUES ('018 Address Boulevard','New York','USA',856,'This is an apartment address, Dont be disruptive');
INSERT INTO tblAddress(StreetAddress,State,Country,ApartmentNumber,Specialrequests) 
	VALUES ('019 Address Lane','Ohio','USA',null,'This is a house address, No night deliveries');
INSERT INTO tblAddress(StreetAddress,State,Country,ApartmentNumber,Specialrequests) 
	VALUES ('020 Address Street','Pennsylvania','USA',null,'This is a house address, No night deliveries');
INSERT INTO tblAddress(StreetAddress,State,Country,ApartmentNumber,Specialrequests) 
	VALUES ('021 Address Boulevard','New York','USA',null,'This is a house address, No night deliveries');
INSERT INTO tblAddress(StreetAddress,State,Country,ApartmentNumber,Specialrequests) 
	VALUES ('022 Address Avenue','Pennsylvania','USA',null,'This is a house address, No night deliveries');
INSERT INTO tblAddress(StreetAddress,State,Country,ApartmentNumber,Specialrequests) 
	VALUES ('023 Address Lane','Pennsylvania','USA',null,'This is a house address, No night deliveries');
INSERT INTO tblAddress(StreetAddress,State,Country,ApartmentNumber,Specialrequests) 
	VALUES ('024 Address Lane','New York','USA',null,'This is a house address, No night deliveries');
INSERT INTO tblAddress(StreetAddress,State,Country,ApartmentNumber,Specialrequests) 
	VALUES ('025 Address Lane','Pennsylvania','USA',null,'This is a house address, No night deliveries');
INSERT INTO tblAddress(StreetAddress,State,Country,ApartmentNumber,Specialrequests) 
	VALUES ('026 Address Lane','Ohio','USA',null,'This is a house address, No night deliveries');
INSERT INTO tblAddress(StreetAddress,State,Country,ApartmentNumber,Specialrequests) 
	VALUES ('027 Address Lane','Ohio','USA',null,'This is a house address, No night deliveries');
INSERT INTO tblAddress(StreetAddress,State,Country,ApartmentNumber,Specialrequests) 
	VALUES ('028 Address Lane','New York','USA',null,'This is a house address, No night deliveries');


INSERT INTO tblCustomers(Email,DateJoined,Username,HashedPass,LoginToken,PasswordResetToken,FirstName,LastName,HomeAddress,BillingAddress)
	VALUES ('Jerry_S@live.com','2016-08-08','ComicKing','3VaBDcGCUBk9B5ctVLE2jjEJEKDDqKdS','PassToken','LoginToken','Jerry','Seinfeld',1,1);
INSERT INTO tblCustomers(Email,DateJoined,Username,HashedPass,LoginToken,PasswordResetToken,FirstName,LastName,HomeAddress,BillingAddress)
	VALUES ('Ryan_AS@live.com','2016-04-04','Biocraze','6Fwpc2pqnuBd6XDgXc957YSddUKLd67K','PassToken','LoginToken','Ryan','Schuette',2,2);
INSERT INTO tblCustomers(Email,DateJoined,Username,HashedPass,LoginToken,PasswordResetToken,FirstName,LastName,HomeAddress,BillingAddress)
	VALUES ('Shawn_M@live.com','2016-02-07','Dr.Krieger','GLkjWtvF5ZuVnWNHHkTpB5dJTybdhKf8','PassToken','LoginToken','Shawn','Matthews',3,3);
INSERT INTO tblCustomers(Email,DateJoined,Username,HashedPass,LoginToken,PasswordResetToken,FirstName,LastName,HomeAddress,BillingAddress)
	VALUES ('Dan_M@live.com','2016-07-04','TheLellow','RDzdkQSnASVH3SjUXCq4sdKSE6ja5pkV','PassToken','LoginToken','Daniel','Munusami',4,4);
INSERT INTO tblCustomers(Email,DateJoined,Username,HashedPass,LoginToken,PasswordResetToken,FirstName,LastName,HomeAddress,BillingAddress)
	VALUES ('Alex_D@live.com','2016-09-10','AlexDDDD','RDzdkQSnASVH3SjUXCq4sdKSE6ja5pkV','PassToken','LoginToken','Alexander','Donnelly',5,5);
INSERT INTO tblCustomers(Email,DateJoined,Username,HashedPass,LoginToken,PasswordResetToken,FirstName,LastName,HomeAddress,BillingAddress)
	VALUES ('Ryan_D@live.com','2016-06-04','DiplockUnlock','hwYTSdTPG9jZKxpQsFyBPVkq8fW7WbCM','PassToken','LoginToken','Ryan','Diplock',6,6);


INSERT INTO tblEmployees(DateJoined,SIN,FirstName,LastName,Phone,Email,HomeAddress,TerminationDate)
	VALUES ('2015-12-08','123456789','Rob','Baker',4567862458,'Rob_B@live.com',7,null);
INSERT INTO tblEmployees(DateJoined,SIN,FirstName,LastName,Phone,Email,HomeAddress,TerminationDate)
	VALUES ('2015-06-22','654831548','Adam','Jensen',4865548654,'Adam_J@live.com',8,null);
INSERT INTO tblEmployees(DateJoined,SIN,FirstName,LastName,Phone,Email,HomeAddress,TerminationDate)
	VALUES ('2014-03-27','348954658','John','Hill',5489985648,'John_H@live.com',9,'2016-11-02');
INSERT INTO tblEmployees(DateJoined,SIN,FirstName,LastName,Phone,Email,HomeAddress,TerminationDate)
	VALUES ('2014-09-04','789541578','Robby','Anderson',4896651235,'Robby_A@live.com',10,null);
INSERT INTO tblEmployees(DateJoined,SIN,FirstName,LastName,Phone,Email,HomeAddress,TerminationDate)
	VALUES ('2011-01-09','345879548','Toby','Turner',4665415968,'Toby_T@live.com',11,null);
INSERT INTO tblEmployees(DateJoined,SIN,FirstName,LastName,Phone,Email,HomeAddress,TerminationDate)
	VALUES ('2011-01-09','345879548','Melinda','Thompson',6484248648,'Mel_T@live.com',12,null);
INSERT INTO tblEmployees(DateJoined,SIN,FirstName,LastName,Phone,Email,HomeAddress,TerminationDate)
	VALUES ('2011-02-14','354895456','Joey','Garcia',3489515648,'Joey_G@live.com',13,'2016-11-19');
INSERT INTO tblEmployees(DateJoined,SIN,FirstName,LastName,Phone,Email,HomeAddress,TerminationDate)
	VALUES ('2012-06-04','124589562','Tony','Smith',4879845654,'Tony_S@live.com',24,null);
INSERT INTO tblEmployees(DateJoined,SIN,FirstName,LastName,Phone,Email,HomeAddress,TerminationDate)
	VALUES ('2013-02-07','321547885','Alan','Peterson',1548975621,'Alan_P@live.com',25,null);
INSERT INTO tblEmployees(DateJoined,SIN,FirstName,LastName,Phone,Email,HomeAddress,TerminationDate)
	VALUES ('2010-01-26','125469853','Charlie','Sheen',2489652145,'Charlie_S@live.com',26,null);
INSERT INTO tblEmployees(DateJoined,SIN,FirstName,LastName,Phone,Email,HomeAddress,TerminationDate)
	VALUES ('2015-06-29','123457884','Mitchel','Michaels',3214569874,'Mitchel_M@live.com',27,null);
INSERT INTO tblEmployees(DateJoined,SIN,FirstName,LastName,Phone,Email,HomeAddress,TerminationDate)
	VALUES ('2012-09-20','321548956','Duke','Paterson',9568562358,'Duke_P@live.com',28,null);


INSERT INTO tblEmployeeRole(Name,Description)
	VALUES ('General Manager','Is in charge of all other managers.');
INSERT INTO tblEmployeeRole(Name,Description)
	VALUES ('Human resources','Are the people who do the hiring and firing of employees.');
INSERT INTO tblEmployeeRole(Name,Description)
	VALUES ('Employee','Does whatever is assigned to them.');
INSERT INTO tblEmployeeRole(Name,Description)
	VALUES ('Vice President','They are the VIP, in charge of the company in a whole.');
INSERT INTO tblEmployeeRole(Name,Description)
	VALUES ('President','They are the big man.');
INSERT INTO tblEmployeeRole(Name,Description)
	VALUES ('Department Manager','Is in charge of their assigned department.');
INSERT INTO tblEmployeeRole(Name,Description)
	VALUES ('Supervisor','Makes sure that the employees stay on track.');
INSERT INTO tblEmployeeRole(Name,Description)
	VALUES ('Public Relations','In charge of getting the companys name out there.');
INSERT INTO tblEmployeeRole(Name,Description)
	VALUES ('Packager','Specific employee to pack Blocks.');
INSERT INTO tblEmployeeRole(Name,Description)
	VALUES ('Warehouse','Moving and stacking product, keeping inventory.');
INSERT INTO tblEmployeeRole(Name,Description)
	VALUES ('Floor Worker','Working the floor of our stores, offering help wherever needed.');
INSERT INTO tblEmployeeRole(Name,Description)
	VALUES ('Shipper','In charge of sending shipments out and on time.');
INSERT INTO tblEmployeeRole(Name,Description)
	VALUES ('Ordering and Block Planning','Ordering new products and planning new blocks.');


INSERT INTO tblEmployeeJob(EmployeeId, RoleId)
	VALUES (1,3);
INSERT INTO tblEmployeeJob(EmployeeId, RoleId)
	VALUES (2,3);
INSERT INTO tblEmployeeJob(EmployeeId, RoleId)
	VALUES (3,3);
INSERT INTO tblEmployeeJob(EmployeeId, RoleId)
	VALUES (4,3);
INSERT INTO tblEmployeeJob(EmployeeId, RoleId)
	VALUES (5,5);
INSERT INTO tblEmployeeJob(EmployeeId, RoleId)
	VALUES (6,4);
INSERT INTO tblEmployeeJob(EmployeeId, RoleId)
	VALUES (7,3);
INSERT INTO tblEmployeeJob(EmployeeId, RoleId)
	VALUES (8,1);
INSERT INTO tblEmployeeJob(EmployeeId, RoleId)
	VALUES (9,1);
INSERT INTO tblEmployeeJob(EmployeeId, RoleId)
	VALUES (10,1);
INSERT INTO tblEmployeeJob(EmployeeId, RoleId)
	VALUES (11,1);
INSERT INTO tblEmployeeJob(EmployeeId, RoleId)
	VALUES (12,1);


INSERT INTO tblBillingInfo(PaymentType,address,AccountNum,Token)
	VALUES ('VISA',1,6548765124597854,'658');
INSERT INTO tblBillingInfo(PaymentType,address,AccountNum,Token)
	VALUES ('MasterCard',2,6548751349562584,'154');
INSERT INTO tblBillingInfo(PaymentType,address,AccountNum,Token)
	VALUES ('Paypal',3,null,null);
INSERT INTO tblBillingInfo(PaymentType,address,AccountNum,Token)
	VALUES ('Cash',4,null,null);
INSERT INTO tblBillingInfo(PaymentType,address,AccountNum,Token)
	VALUES ('VISA',5,1568459632541587,'658');
INSERT INTO tblBillingInfo(PaymentType,address,AccountNum,Token)
	VALUES ('MasterCard',6,4589652154789632,'658');


INSERT INTO tblGenre(Title,Description)
	VALUES ('Horror','The scariest block you will ever recieve.');
INSERT INTO tblGenre(Title,Description)
	VALUES ('Animals','All things that involve animals.');
INSERT INTO tblGenre(Title,Description)
	VALUES ('Food','Tasty treats that leave no mess.');
INSERT INTO tblGenre(Title,Description)
	VALUES ('Baby','For your little miricle.');
INSERT INTO tblGenre(Title,Description)
	VALUES ('Children','For the little people in your family');
INSERT INTO tblGenre(Title,Description)
	VALUES ('Adventure',' Some poeple love adventure, travel with this block.');
INSERT INTO tblGenre(Title,Description)
	VALUES ('RPG','Those that love the freedom of an open world.');
INSERT INTO tblGenre(Title,Description)
	VALUES ('Books','Getting your mind lost in the world of books.');
INSERT INTO tblGenre(Title,Description)
	VALUES ('Clothing','For those who love a crazy style.');
INSERT INTO tblGenre(Title,Description)
	VALUES ('Games','All things games in general.');
INSERT INTO tblGenre(Title,Description)
	VALUES ('Sports','For all the active people out there.');
INSERT INTO tblGenre(Title,Description)
	VALUES ('Conventions','If you didnt go to the conventions get your fix here.');
INSERT INTO tblGenre(Title,Description)
	VALUES ('Geeks','For all you geeky people out there.');
INSERT INTO tblGenre(Title,Description)
	VALUES ('Nerds','Only if you are Nerd at heart.');
INSERT INTO tblGenre(Title,Description)
	VALUES ('Classic','The classic block');
INSERT INTO tblGenre(Title,Description)
	VALUES ('Movies','Your favorite movie might be in here.');
INSERT INTO tblGenre(Title,Description)
	VALUES ('Superheros','If superheros are your thing then you will love this.');


INSERT INTO tblBlockSeries(GenreId,Title,SubscriptionPrice,BlockVolume)
	VALUES (1,'The Spooky Series',36.00,7000);
INSERT INTO tblBlockSeries(GenreId,Title,SubscriptionPrice,BlockVolume)
	VALUES (2,'The Fluffy Buddy Series',15.00,6000);
INSERT INTO tblBlockSeries(GenreId,Title,SubscriptionPrice,BlockVolume)
	VALUES (7,'The Freedom Series',20.00,4000);
INSERT INTO tblBlockSeries(GenreId,Title,SubscriptionPrice,BlockVolume)
	VALUES (11,'The Homerun Series',30.00,1000);
INSERT INTO tblBlockSeries(GenreId,Title,SubscriptionPrice,BlockVolume)
	VALUES (13,'The Geeky Series',19.99,10000);
INSERT INTO tblBlockSeries(GenreId,Title,SubscriptionPrice,BlockVolume)
	VALUES (16,'The Movie Series',34.00,9000);


INSERT INTO tblSubscription(CustomerId,SeriesId,StartedOn,EndedOn,BillingType,ShippingAddress)
	VALUES (1,1,'2017-01-01',null,'M',1);
INSERT INTO tblSubscription(CustomerId,SeriesId,StartedOn,EndedOn,BillingType,ShippingAddress)
	VALUES (2,2,'2017-01-01',null,'M',2);
INSERT INTO tblSubscription(CustomerId,SeriesId,StartedOn,EndedOn,BillingType,ShippingAddress)
	VALUES (3,3,'2017-01-01',null,'A',3);
INSERT INTO tblSubscription(CustomerId,SeriesId,StartedOn,EndedOn,BillingType,ShippingAddress)
	VALUES (4,4,'2017-01-01',null,'SA',4);
INSERT INTO tblSubscription(CustomerId,SeriesId,StartedOn,EndedOn,BillingType,ShippingAddress)
	VALUES (5,5,'2017-01-01',null,'W',5);
INSERT INTO tblSubscription(CustomerId,SeriesId,StartedOn,EndedOn,BillingType,ShippingAddress)
	VALUES (6,6,'2017-01-01',null,'BM',6);


INSERT INTO tblPaymentInstance(SubscriptionId,PaymentDate,BillingInfoId,IsPayed)
	VALUES (1,'2016-12-07',1,TRUE);
INSERT INTO tblPaymentInstance(SubscriptionId,PaymentDate,BillingInfoId,IsPayed)
	VALUES (2,'2016-12-08',2,TRUE);
INSERT INTO tblPaymentInstance(SubscriptionId,PaymentDate,BillingInfoId,IsPayed)
	VALUES (3,'2016-12-15',3,TRUE);
INSERT INTO tblPaymentInstance(SubscriptionId,PaymentDate,BillingInfoId,IsPayed)
	VALUES (4,'2016-12-02',4,TRUE);
INSERT INTO tblPaymentInstance(SubscriptionId,PaymentDate,BillingInfoId,IsPayed)
	VALUES (5,'2016-12-25',5,TRUE);
INSERT INTO tblPaymentInstance(SubscriptionId,PaymentDate,BillingInfoId,IsPayed)
	VALUES (6,'2016-12-22',6,TRUE);

/*
INSERT INTO tblTicket(CustomerId,HandledBy,Title,Issue,CreatedOn,ResolvedOn)
	VALUES (1,2,'Something is wrong','For some odd reason i dont have my block this month yet?!','2016-02-14','2011-02-24');
INSERT INTO tblTicket(CustomerId,HandledBy,Title,Issue,CreatedOn,ResolvedOn)
	VALUES (1,2,'Something is still wrong','I still dont have it even though you said it was coming!!!!','2016-02-25','2011-03-02');
INSERT INTO tblTicket(CustomerId,HandledBy,Title,Issue,CreatedOn,ResolvedOn)
	VALUES (3,4,'I got charged a second time','Why did i get charged for my block a second time?','2016-01-10','2011-01-20');
INSERT INTO tblTicket(CustomerId,HandledBy,Title,Issue,CreatedOn,ResolvedOn)
	VALUES (2,1,'My block is empty.','How did this even happen?!','2016-05-16','2011-05-26');
INSERT INTO tblTicket(CustomerId,HandledBy,Title,Issue,CreatedOn,ResolvedOn)
	VALUES (1,2,'Am i in the right place?','Can i get food here?','2011-07-01','2011-07-01');
*/

INSERT INTO tblProduct(Name,Description,Width,Height,Depth,NumDamaged)
	VALUES ('Toy1','This is an example product.',10,10,10,0);
INSERT INTO tblProduct(Name,Description,Width,Height,Depth,NumDamaged)
	VALUES ('Toy2','This is an example product.',15,15,15,1);
INSERT INTO tblProduct(Name,Description,Width,Height,Depth,NumDamaged)
	VALUES ('Toy3','This is an example product.',10,20,10,5);
INSERT INTO tblProduct(Name,Description,Width,Height,Depth,NumDamaged)
	VALUES ('Toy4','This is an example product.',13,10,9,1);
INSERT INTO tblProduct(Name,Description,Width,Height,Depth,NumDamaged)
	VALUES ('Toy5','This is an example product.',10,30,10,0);
INSERT INTO tblProduct(Name,Description,Width,Height,Depth,NumDamaged)
	VALUES ('Toy6','This is an example product.',10,10,10,0);
INSERT INTO tblProduct(Name,Description,Width,Height,Depth,NumDamaged)
	VALUES ('Toy7','This is an example product.',8,10,7,0);
INSERT INTO tblProduct(Name,Description,Width,Height,Depth,NumDamaged)
	VALUES ('Toy8','This is an example product.',20,20,20,7);
INSERT INTO tblProduct(Name,Description,Width,Height,Depth,NumDamaged)
	VALUES ('Toy9','This is an example product.',10,45,35,0);
INSERT INTO tblProduct(Name,Description,Width,Height,Depth,NumDamaged)
	VALUES ('Toy10','This is an example product.',10,12,10,0);
INSERT INTO tblProduct(Name,Description,Width,Height,Depth,NumDamaged)
	VALUES ('Toy11','This is an example product.',10,10,10,0);
INSERT INTO tblProduct(Name,Description,Width,Height,Depth,NumDamaged)
	VALUES ('Toy12','This is an example product.',16,10,10,2);
INSERT INTO tblProduct(Name,Description,Width,Height,Depth,NumDamaged)
	VALUES ('Toy13','This is an example product.',10,18,10,0);
INSERT INTO tblProduct(Name,Description,Width,Height,Depth,NumDamaged)
	VALUES ('Toy14','This is an example product.',14,10,10,0);
INSERT INTO tblProduct(Name,Description,Width,Height,Depth,NumDamaged)
	VALUES ('Toy15','This is an example product.',10,17,13,0);
INSERT INTO tblProduct(Name,Description,Width,Height,Depth,NumDamaged)
	VALUES ('Toy16','This is an example product.',16,10,18,7);
INSERT INTO tblProduct(Name,Description,Width,Height,Depth,NumDamaged)
	VALUES ('Toy17','This is an example product.',10,15,10,0);
INSERT INTO tblProduct(Name,Description,Width,Height,Depth,NumDamaged)
	VALUES ('Toy18','This is an example product.',3,13,10,0);
INSERT INTO tblProduct(Name,Description,Width,Height,Depth,NumDamaged)
	VALUES ('Toy19','This is an example product.',10,10,16,0);
INSERT INTO tblProduct(Name,Description,Width,Height,Depth,NumDamaged)
	VALUES ('Toy20','This is an example product.',10,16,10,0);
INSERT INTO tblProduct(Name,Description,Width,Height,Depth,NumDamaged)
	VALUES ('Toy21','This is an example product.',17,10,9,0);
INSERT INTO tblProduct(Name,Description,Width,Height,Depth,NumDamaged)
	VALUES ('Toy22','This is an example product.',10,18,4,1);
INSERT INTO tblProduct(Name,Description,Width,Height,Depth,NumDamaged)
	VALUES ('Toy23','This is an example product.',10,6,10,0);
INSERT INTO tblProduct(Name,Description,Width,Height,Depth,NumDamaged)
	VALUES ('Toy24','This is an example product.',10,10,10,0);
INSERT INTO tblProduct(Name,Description,Width,Height,Depth,NumDamaged)
	VALUES ('Toy25','This is an example product.',6,10,10,5);
INSERT INTO tblProduct(Name,Description,Width,Height,Depth,NumDamaged)
	VALUES ('Toy26','This is an example product.',6,10,10,5);
INSERT INTO tblProduct(Name,Description,Width,Height,Depth,NumDamaged)
	VALUES ('Toy27','This is an example product.',6,10,10,5);
INSERT INTO tblProduct(Name,Description,Width,Height,Depth,NumDamaged)
	VALUES ('Toy28','This is an example product.',6,10,10,5);
INSERT INTO tblProduct(Name,Description,Width,Height,Depth,NumDamaged)
	VALUES ('Toy29','This is an example product.',6,10,10,5);
INSERT INTO tblProduct(Name,Description,Width,Height,Depth,NumDamaged)
	VALUES ('Toy30','This is an example product.',6,10,10,5);

/*
INSERT INTO tblProductNote(ProductId,Note,Poster,CreatedOn)
	VALUES (3,'This product needs special packaging',1,'2014-02-14');
INSERT INTO tblProductNote(ProductId,Note,Poster,CreatedOn)
	VALUES (6,'This product is too big',3,'2014-02-14');
INSERT INTO tblProductNote(ProductId,Note,Poster,CreatedOn)
	VALUES (9,'I love this one',2,'2014-02-14');
INSERT INTO tblProductNote(ProductId,Note,Poster,CreatedOn)
	VALUES (15,'This is another note on a different product',1,'2014-02-14');
INSERT INTO tblProductNote(ProductId,Note,Poster,CreatedOn)
	VALUES (3,'Need more of these',2,'2014-02-14');
INSERT INTO tblProductNote(ProductId,Note,Poster,CreatedOn)
	VALUES (22,'This product should be removed',3,'2014-02-14');
INSERT INTO tblProductNote(ProductId,Note,Poster,CreatedOn)
	VALUES (3,'We should put more of these in blocks',1,'2014-02-14');
INSERT INTO tblProductNote(ProductId,Note,Poster,CreatedOn)
	VALUES (25,'i dont understand what this product is',4,'2014-02-14');


INSERT INTO tblTicketNote(TicketId,Content,CreatedOn,IsStaffResponse)
	VALUES (1,'I have the same problem!','2016-07-20', TRUE);
INSERT INTO tblTicketNote(TicketId,Content,CreatedOn,IsStaffResponse)
	VALUES (1,'Same here!','2016-07-22', TRUE);
INSERT INTO tblTicketNote(TicketId,Content,CreatedOn,IsStaffResponse)
	VALUES (3,'This happened to me too','2016-07-20', FALSE);
INSERT INTO tblTicketNote(TicketId,Content,CreatedOn,IsStaffResponse)
	VALUES (3,'does this happen all the time','2016-07-21', FALSE);
INSERT INTO tblTicketNote(TicketId,Content,CreatedOn,IsStaffResponse)
	VALUES (3,'can someone help me','2016-07-22', FALSE);
INSERT INTO tblTicketNote(TicketId,Content,CreatedOn,IsStaffResponse)
	VALUES (3,'heloooooooooo','2016-07-23', FALSE);
INSERT INTO tblTicketNote(TicketId,Content,CreatedOn,IsStaffResponse)
	VALUES (3,'Okay all better now','2016-07-24', TRUE);
*/

INSERT INTO tblBlock(SeriesId,Title,Description)
	VALUES (1,'Spooky Block 1','This is Spooky block 1');
INSERT INTO tblBlock(SeriesId,Title,Description)
	VALUES (2,'Fluffy Buddy Block 1','This is Fluffy Buddy block 1');
INSERT INTO tblBlock(SeriesId,Title,Description)
	VALUES (3,'Freedom Block 1','This is Freedom block 1');
INSERT INTO tblBlock(SeriesId,Title,Description)
	VALUES (4,'Homerun Block 1','This is Homerun block 1');
INSERT INTO tblBlock(SeriesId,Title,Description)
	VALUES (5,'Geeky Block 1','This is Geeky block 1');
INSERT INTO tblBlock(SeriesId,Title,Description)
	VALUES (6,'Movie Block 1','This is Movie block 1');


INSERT INTO tblBlockItem(BlockId,ProductId,Quantity)
	VALUES (1,1,5);
INSERT INTO tblBlockItem(BlockId,ProductId,Quantity)
	VALUES (1,2,3);
INSERT INTO tblBlockItem(BlockId,ProductId,Quantity)
	VALUES (1,3,7);
INSERT INTO tblBlockItem(BlockId,ProductId,Quantity)
	VALUES (2,4,2);
INSERT INTO tblBlockItem(BlockId,ProductId,Quantity)
	VALUES (2,5,5);
INSERT INTO tblBlockItem(BlockId,ProductId,Quantity)
	VALUES (2,6,2);
INSERT INTO tblBlockItem(BlockId,ProductId,Quantity)
	VALUES (3,7,1);
INSERT INTO tblBlockItem(BlockId,ProductId,Quantity)
	VALUES (3,8,7);
INSERT INTO tblBlockItem(BlockId,ProductId,Quantity)
	VALUES (3,9,8);
INSERT INTO tblBlockItem(BlockId,ProductId,Quantity)
	VALUES (4,10,1);
INSERT INTO tblBlockItem(BlockId,ProductId,Quantity)
	VALUES (4,11,6);
INSERT INTO tblBlockItem(BlockId,ProductId,Quantity)
	VALUES (4,12,3);
INSERT INTO tblBlockItem(BlockId,ProductId,Quantity)
	VALUES (5,13,7);
INSERT INTO tblBlockItem(BlockId,ProductId,Quantity)
	VALUES (5,14,8);
INSERT INTO tblBlockItem(BlockId,ProductId,Quantity)
	VALUES (5,15,1);
INSERT INTO tblBlockItem(BlockId,ProductId,Quantity)
	VALUES (6,16,3);
INSERT INTO tblBlockItem(BlockId,ProductId,Quantity)
	VALUES (6,17,6);
INSERT INTO tblBlockItem(BlockId,ProductId,Quantity)
	VALUES (6,18,7);


INSERT INTO tblSubscriptionFullfillment(SubscriptionId,BlockId,TrackingNumber,FullfillingEmployee)
	VALUES (1,1,'a5w4f6a8g4684ga68wg4aw6ad',1);
INSERT INTO tblSubscriptionFullfillment(SubscriptionId,BlockId,TrackingNumber,FullfillingEmployee)
	VALUES (2,2,'3dj4z3we4hs8ej434se4usese',2);
INSERT INTO tblSubscriptionFullfillment(SubscriptionId,BlockId,TrackingNumber,FullfillingEmployee)
	VALUES (3,3,'4j6sy8r4kyj4dr6hs4e8fseh8',3);
INSERT INTO tblSubscriptionFullfillment(SubscriptionId,BlockId,TrackingNumber,FullfillingEmployee)
	VALUES (4,4,'ah56a2e3j4r4s6j48f6j4drtj',4);
INSERT INTO tblSubscriptionFullfillment(SubscriptionId,BlockId,TrackingNumber,FullfillingEmployee)
	VALUES (5,5,'4a6reh4s8rj4t68j486sje4e8',5);
INSERT INTO tblSubscriptionFullfillment(SubscriptionId,BlockId,TrackingNumber,FullfillingEmployee)
	VALUES (6,6,'a64dh8sr4ah3rd84hz3dr84hx',6);


INSERT INTO tblSupplier(Company,Address,Phone)
	VALUES ('Company1',14,4854478689);
INSERT INTO tblSupplier(Company,Address,Phone)
	VALUES ('Company2',15,1547898542);
INSERT INTO tblSupplier(Company,Address,Phone)
	VALUES ('Company3',16,4897845154);
INSERT INTO tblSupplier(Company,Address,Phone)
	VALUES ('Company4',17,1547899856);
INSERT INTO tblSupplier(Company,Address,Phone)
	VALUES ('Company5',18,1478963254);

INSERT INTO tblSupplierContact(Company,FirstName,LastName,PhoneNumber,Email)
	VALUES (1,'Jeffery','Bugle',4512458965,'Jeffery_B@live.com');
INSERT INTO tblSupplierContact(Company,FirstName,LastName,PhoneNumber,Email)
	VALUES (2,'Allan','Harper',6325489562,'Allan_H@live.com');
INSERT INTO tblSupplierContact(Company,FirstName,LastName,PhoneNumber,Email)
	VALUES (3,'Ken','Armstrong',4589652158,'Ken_A@live.com');
INSERT INTO tblSupplierContact(Company,FirstName,LastName,PhoneNumber,Email)
	VALUES (4,'Scott','Cranmer',6485965748,'Scott_C@live.com');
INSERT INTO tblSupplierContact(Company,FirstName,LastName,PhoneNumber,Email)
	VALUES (5,'Jessie','Hill',3215478541,'Jessie_H@live.com');


INSERT INTO tblOrder(DateOrdered,OrderedBy,SupplierId)
	VALUES ('2014-05-14',1,1);
INSERT INTO tblOrder(DateOrdered,OrderedBy,SupplierId)
	VALUES ('2015-12-07',2,2);
INSERT INTO tblOrder(DateOrdered,OrderedBy,SupplierId)
	VALUES ('2013-02-22',3,3);
INSERT INTO tblOrder(DateOrdered,OrderedBy,SupplierId)
	VALUES ('2015-02-24',2,4);
INSERT INTO tblOrder(DateOrdered,OrderedBy,SupplierId)
	VALUES ('2015-09-30',1,5);


INSERT INTO tblOrderLineItem(OrderId,ProductId,Quantity,BatchCost)
	VALUES (1,1,30,500);
INSERT INTO tblOrderLineItem(OrderId,ProductId,Quantity,BatchCost)
	VALUES (1,2,20,400);
INSERT INTO tblOrderLineItem(OrderId,ProductId,Quantity,BatchCost)
	VALUES (1,3,40,600);
INSERT INTO tblOrderLineItem(OrderId,ProductId,Quantity,BatchCost)
	VALUES (2,4,100,1000);
INSERT INTO tblOrderLineItem(OrderId,ProductId,Quantity,BatchCost)
	VALUES (2,5,70,800);
INSERT INTO tblOrderLineItem(OrderId,ProductId,Quantity,BatchCost)
	VALUES (2,6,80,900);
INSERT INTO tblOrderLineItem(OrderId,ProductId,Quantity,BatchCost)
	VALUES (3,7,10,100);
INSERT INTO tblOrderLineItem(OrderId,ProductId,Quantity,BatchCost)
	VALUES (3,8,40,300);
INSERT INTO tblOrderLineItem(OrderId,ProductId,Quantity,BatchCost)
	VALUES (3,9,55,550);
INSERT INTO tblOrderLineItem(OrderId,ProductId,Quantity,BatchCost)
	VALUES (4,10,65,750);
INSERT INTO tblOrderLineItem(OrderId,ProductId,Quantity,BatchCost)
	VALUES (4,11,95,950);
INSERT INTO tblOrderLineItem(OrderId,ProductId,Quantity,BatchCost)
	VALUES (4,12,15,250);
INSERT INTO tblOrderLineItem(OrderId,ProductId,Quantity,BatchCost)
	VALUES (5,13,75,600);
INSERT INTO tblOrderLineItem(OrderId,ProductId,Quantity,BatchCost)
	VALUES (5,14,30,400);
INSERT INTO tblOrderLineItem(OrderId,ProductId,Quantity,BatchCost)
	VALUES (5,15,25,100);


INSERT INTO tblMortarStore(Address,PhoneNumber,GeneralManager)
	VALUES (19,7894561320,8);
INSERT INTO tblMortarStore(Address,PhoneNumber,GeneralManager)
	VALUES (20,3548954651,9);
INSERT INTO tblMortarStore(Address,PhoneNumber,GeneralManager)
	VALUES (21,3254875269,10);
INSERT INTO tblMortarStore(Address,PhoneNumber,GeneralManager)
	VALUES (22,1485962358,11);
INSERT INTO tblMortarStore(Address,PhoneNumber,GeneralManager)
	VALUES (23,9875632541,12);


INSERT INTO tblTransfer(StoreId,TransferDate)
	VALUES (1,'2015-09-17');
INSERT INTO tblTransfer(StoreId,TransferDate)
	VALUES (2,'2014-08-03');
INSERT INTO tblTransfer(StoreId,TransferDate)
	VALUES (3,'2013-10-09');
INSERT INTO tblTransfer(StoreId,TransferDate)
	VALUES (4,'2011-03-15');
INSERT INTO tblTransfer(StoreId,TransferDate)
	VALUES (5,'2016-12-22');


INSERT INTO tblTransferLineItem(TransferId,ProductId,Quantity)
	VALUES (1,15,30);
INSERT INTO tblTransferLineItem(TransferId,ProductId,Quantity)
	VALUES (1,14,25);
INSERT INTO tblTransferLineItem(TransferId,ProductId,Quantity)
	VALUES (1,13,40);
INSERT INTO tblTransferLineItem(TransferId,ProductId,Quantity)
	VALUES (2,12,50);
INSERT INTO tblTransferLineItem(TransferId,ProductId,Quantity)
	VALUES (2,11,75);
INSERT INTO tblTransferLineItem(TransferId,ProductId,Quantity)
	VALUES (2,10,60);
INSERT INTO tblTransferLineItem(TransferId,ProductId,Quantity)
	VALUES (3,9,10);
INSERT INTO tblTransferLineItem(TransferId,ProductId,Quantity)
	VALUES (3,8,15);
INSERT INTO tblTransferLineItem(TransferId,ProductId,Quantity)
	VALUES (3,7,80);
INSERT INTO tblTransferLineItem(TransferId,ProductId,Quantity)
	VALUES (4,6,100);
INSERT INTO tblTransferLineItem(TransferId,ProductId,Quantity)
	VALUES (4,5,30);
INSERT INTO tblTransferLineItem(TransferId,ProductId,Quantity)
	VALUES (4,4,35);
INSERT INTO tblTransferLineItem(TransferId,ProductId,Quantity)
	VALUES (5,3,80);
INSERT INTO tblTransferLineItem(TransferId,ProductId,Quantity)
	VALUES (5,2,50);
INSERT INTO tblTransferLineItem(TransferId,ProductId,Quantity)
	VALUES (5,1,40);

